Kathryn,kmcdonald0@earthlink.net
Mary,mrice1@cmu.edu
Charles,ccampbell2@1und1.de
Anna,anelson3@umn.edu
Rebecca,relliott4@berkeley.edu
Phillip,pgilbert5@wikimedia.org
Diana,dgreene6@cmu.edu
Stephen,scrawford7@cnet.com
Jerry,jstewart8@answers.com
Judith,jortiz9@networksolutions.com
Louise,lmontgomerya@barnesandnoble.com
Wayne,wsullivanb@squidoo.com
Joshua,jnguyenc@sfgate.com
Charles,chicksd@myspace.com
Ryan,rhalle@furl.net
Samuel,swillisf@cpanel.net
William,wcoxg@microsoft.com
Ralph,rfosterh@posterous.com
Aaron,ahansoni@usnews.com
Aaron,ahansoni@usnews.com
